-- phpMyAdmin SQL Dump
-- version 4.8.0
-- https://www.phpmyadmin.net/
--
-- Host: localhost
-- Generation Time: Jun 14, 2018 at 08:39 AM
-- Server version: 10.1.31-MariaDB
-- PHP Version: 7.2.4

SET SQL_MODE = "NO_AUTO_VALUE_ON_ZERO";
SET AUTOCOMMIT = 0;
START TRANSACTION;
SET time_zone = "+00:00";


/*!40101 SET @OLD_CHARACTER_SET_CLIENT=@@CHARACTER_SET_CLIENT */;
/*!40101 SET @OLD_CHARACTER_SET_RESULTS=@@CHARACTER_SET_RESULTS */;
/*!40101 SET @OLD_COLLATION_CONNECTION=@@COLLATION_CONNECTION */;
/*!40101 SET NAMES utf8mb4 */;

--
-- Database: `imk`
--

-- --------------------------------------------------------

--
-- Table structure for table `agen`
--

CREATE TABLE `agen` (
  `id_agen` int(11) NOT NULL,
  `kode_agen` varchar(20) NOT NULL,
  `nama_agen` varchar(50) NOT NULL,
  `alamat` text NOT NULL,
  `facebook` varchar(50) NOT NULL,
  `instagram` varchar(50) NOT NULL,
  `whastapp` varchar(50) NOT NULL,
  `bbm` varchar(50) NOT NULL,
  `hp` varchar(20) NOT NULL
) ENGINE=InnoDB DEFAULT CHARSET=latin1;

-- --------------------------------------------------------

--
-- Table structure for table `barang`
--

CREATE TABLE `barang` (
  `id_barang` int(11) NOT NULL,
  `nama_barang` varchar(100) NOT NULL,
  `id_kategori` int(11) NOT NULL,
  `stok` int(11) NOT NULL,
  `harga_beli` varchar(100) NOT NULL,
  `harga_jual` varchar(100) NOT NULL,
  `date_added` timestamp NOT NULL DEFAULT CURRENT_TIMESTAMP ON UPDATE CURRENT_TIMESTAMP
) ENGINE=InnoDB DEFAULT CHARSET=latin1;

--
-- Dumping data for table `barang`
--

INSERT INTO `barang` (`id_barang`, `nama_barang`, `id_kategori`, `stok`, `harga_beli`, `harga_jual`, `date_added`) VALUES
(6, 'keyboard razer', 8, 11, '200000', '230000', '2018-06-14 04:13:45'),
(7, 'pakaian anak size M', 3, 29, '120000', '140000', '2018-06-14 04:14:13'),
(8, 'Vans Old School Mono Black White Pria', 2, 24, '400000', '450000', '2018-01-15 06:57:03'),
(9, 'Rexus Headset Gaming Vonix F26', 8, 20, '90000', '120000', '2018-01-11 10:32:27'),
(10, 'Ripcurl detroit chrono', 4, 37, '130000', '150000', '2018-01-15 01:13:54'),
(11, 'tic tac', 12, 40, '600', '1000', '2017-12-18 03:23:33'),
(12, 'Xiaomi Mi4c red White  2/16 GB', 5, 39, '1100000', '1400000', '2018-01-15 01:34:36'),
(13, 'Sennheiser HD 202', 13, 19, '400000', '440000', '2018-06-14 04:26:26');

-- --------------------------------------------------------

--
-- Table structure for table `kategori`
--

CREATE TABLE `kategori` (
  `id_kategori` int(11) NOT NULL,
  `nama_kategori` varchar(100) NOT NULL
) ENGINE=InnoDB DEFAULT CHARSET=latin1;

--
-- Dumping data for table `kategori`
--

INSERT INTO `kategori` (`id_kategori`, `nama_kategori`) VALUES
(2, 'Sepatu'),
(3, 'Pakaian'),
(4, 'Jam Tangan'),
(5, 'Handphone'),
(6, 'Elektronik'),
(7, 'Kesehatan'),
(8, 'Gaming'),
(11, 'Tas'),
(12, 'Makanan'),
(13, 'Audio');

-- --------------------------------------------------------

--
-- Table structure for table `sub_transaksi`
--

CREATE TABLE `sub_transaksi` (
  `id_subtransaksi` int(11) NOT NULL,
  `id_barang` int(11) NOT NULL,
  `id_transaksi` int(11) NOT NULL,
  `jumlah_beli` int(11) NOT NULL,
  `total_harga` varchar(20) NOT NULL,
  `no_invoice` varchar(20) NOT NULL
) ENGINE=InnoDB DEFAULT CHARSET=latin1;

--
-- Dumping data for table `sub_transaksi`
--

INSERT INTO `sub_transaksi` (`id_subtransaksi`, `id_barang`, `id_transaksi`, `jumlah_beli`, `total_harga`, `no_invoice`) VALUES
(1, 7, 1, 1, '70000', '14/ND/5/18/06/34/21'),
(2, 13, 1, 1, '88000', '14/ND/5/18/06/34/21');

-- --------------------------------------------------------

--
-- Table structure for table `supplier`
--

CREATE TABLE `supplier` (
  `id_supplier` int(11) NOT NULL,
  `kode_supplier` varchar(20) NOT NULL,
  `nama_supplier` varchar(50) NOT NULL,
  `alamat` text NOT NULL,
  `hp` varchar(20) NOT NULL,
  `info` text NOT NULL
) ENGINE=InnoDB DEFAULT CHARSET=latin1;

-- --------------------------------------------------------

--
-- Table structure for table `tempo`
--

CREATE TABLE `tempo` (
  `id_subtransaksi` int(11) NOT NULL,
  `id_barang` int(11) NOT NULL,
  `jumlah_beli` int(11) NOT NULL,
  `total_harga` varchar(20) NOT NULL,
  `trx` varchar(10) NOT NULL,
  `diskon` varchar(20) NOT NULL
) ENGINE=InnoDB DEFAULT CHARSET=latin1;

-- --------------------------------------------------------

--
-- Table structure for table `transaksi`
--

CREATE TABLE `transaksi` (
  `id_transaksi` int(11) NOT NULL,
  `tgl_transaksi` timestamp NOT NULL DEFAULT CURRENT_TIMESTAMP ON UPDATE CURRENT_TIMESTAMP,
  `kode_kasir` int(11) NOT NULL,
  `total_bayar` varchar(20) NOT NULL,
  `no_invoice` varchar(20) NOT NULL,
  `nama_pembeli` varchar(20) NOT NULL
) ENGINE=InnoDB DEFAULT CHARSET=latin1;

--
-- Dumping data for table `transaksi`
--

INSERT INTO `transaksi` (`id_transaksi`, `tgl_transaksi`, `kode_kasir`, `total_bayar`, `no_invoice`, `nama_pembeli`) VALUES
(1, '2018-06-14 04:34:21', 5, '158000', '14/ND/5/18/06/34/21', 'arta');

-- --------------------------------------------------------

--
-- Table structure for table `user`
--

CREATE TABLE `user` (
  `id` int(11) NOT NULL,
  `username` varchar(100) NOT NULL,
  `password` text NOT NULL,
  `status` int(11) NOT NULL,
  `date_created` timestamp NOT NULL DEFAULT CURRENT_TIMESTAMP ON UPDATE CURRENT_TIMESTAMP
) ENGINE=InnoDB DEFAULT CHARSET=latin1;

--
-- Dumping data for table `user`
--

INSERT INTO `user` (`id`, `username`, `password`, `status`, `date_created`) VALUES
(1, 'admin', 'd033e22ae348aeb5660fc2140aec35850c4da997', 1, '2017-12-12 00:44:45'),
(5, 'kasir', '8691e4fc53b99da544ce86e22acba62d13352eff', 2, '2018-06-12 10:04:50');

--
-- Indexes for dumped tables
--

--
-- Indexes for table `agen`
--
ALTER TABLE `agen`
  ADD PRIMARY KEY (`id_agen`);

--
-- Indexes for table `barang`
--
ALTER TABLE `barang`
  ADD PRIMARY KEY (`id_barang`);

--
-- Indexes for table `kategori`
--
ALTER TABLE `kategori`
  ADD PRIMARY KEY (`id_kategori`);

--
-- Indexes for table `sub_transaksi`
--
ALTER TABLE `sub_transaksi`
  ADD PRIMARY KEY (`id_subtransaksi`);

--
-- Indexes for table `tempo`
--
ALTER TABLE `tempo`
  ADD PRIMARY KEY (`id_subtransaksi`);

--
-- Indexes for table `transaksi`
--
ALTER TABLE `transaksi`
  ADD PRIMARY KEY (`id_transaksi`);

--
-- Indexes for table `user`
--
ALTER TABLE `user`
  ADD PRIMARY KEY (`id`);

--
-- AUTO_INCREMENT for dumped tables
--

--
-- AUTO_INCREMENT for table `agen`
--
ALTER TABLE `agen`
  MODIFY `id_agen` int(11) NOT NULL AUTO_INCREMENT;

--
-- AUTO_INCREMENT for table `barang`
--
ALTER TABLE `barang`
  MODIFY `id_barang` int(11) NOT NULL AUTO_INCREMENT, AUTO_INCREMENT=14;

--
-- AUTO_INCREMENT for table `kategori`
--
ALTER TABLE `kategori`
  MODIFY `id_kategori` int(11) NOT NULL AUTO_INCREMENT, AUTO_INCREMENT=14;

--
-- AUTO_INCREMENT for table `sub_transaksi`
--
ALTER TABLE `sub_transaksi`
  MODIFY `id_subtransaksi` int(11) NOT NULL AUTO_INCREMENT, AUTO_INCREMENT=3;

--
-- AUTO_INCREMENT for table `tempo`
--
ALTER TABLE `tempo`
  MODIFY `id_subtransaksi` int(11) NOT NULL AUTO_INCREMENT;

--
-- AUTO_INCREMENT for table `transaksi`
--
ALTER TABLE `transaksi`
  MODIFY `id_transaksi` int(11) NOT NULL AUTO_INCREMENT, AUTO_INCREMENT=2;

--
-- AUTO_INCREMENT for table `user`
--
ALTER TABLE `user`
  MODIFY `id` int(11) NOT NULL AUTO_INCREMENT, AUTO_INCREMENT=6;
COMMIT;

/*!40101 SET CHARACTER_SET_CLIENT=@OLD_CHARACTER_SET_CLIENT */;
/*!40101 SET CHARACTER_SET_RESULTS=@OLD_CHARACTER_SET_RESULTS */;
/*!40101 SET COLLATION_CONNECTION=@OLD_COLLATION_CONNECTION */;
